location,date,visitors
Russia,2021-03-28,139
China,2022-01-28,378
China,2020-04-28,351
China,2022-03-22,138
Russia,2021-05-24,149
China,2020-05-01,392
Canada,2020-05-12,180
Brazil,2020-09-02,477
China,2020-12-04,208
China,2020-08-28,478
Russia,2021-05-31,344
China,2020-11-08,235
Brazil,2021-09-25,434
China,2021-05-15,312
Russia,2021-03-24,389
Poland,2021-06-04,470
China,2020-06-17,333
China,2020-10-22,182
Poland,2021-01-02,166
Russia,2020-12-02,443
Russia,2021-10-17,326
Russia,2020-08-23,299
China,2020-12-28,106
China,2020-11-16,478
China,2021-10-07,389
Brazil,2021-12-30,217
Australia,2020-08-01,221
Thailand,2021-05-01,451
Brazil,2021-06-03,219
Brazil,2020-09-30,314
France,2020-07-06,168
Russia,2022-02-07,265
Brazil,2020-12-16,190
Brazil,2021-04-15,165
Russia,2020-12-30,492
China,2020-08-25,490
Brazil,2021-09-28,315
Russia,2021-11-18,210
South Africa,2020-10-26,363
China,2022-02-07,436
China,2021-04-07,418
China,2020-08-01,250
China,2021-02-24,307
China,2021-07-22,374
China,2020-07-15,126
France,2022-01-19,194
China,2021-04-18,169
China,2020-10-24,160
Poland,2020-07-06,442
Poland,2022-01-14,478
Russia,2022-01-13,264
China,2021-06-19,411
China,2020-07-30,325
France,2021-03-31,413
France,2021-08-21,108
France,2020-11-25,139
China,2021-12-19,413
Brazil,2020-09-19,279
Brazil,2020-10-16,218
Australia,2020-12-25,328
Thailand,2020-07-06,472
China,2021-04-25,109
China,2021-04-10,252
China,2021-02-16,302
Mexico,2020-11-13,348
Thailand,2021-08-02,352
China,2021-05-01,250
Poland,2020-04-16,356
Russia,2021-03-13,355
China,2021-06-22,369
China,2022-02-18,296
France,2021-10-23,167
Poland,2021-08-05,266
Poland,2020-07-24,252
China,2021-10-17,236
Thailand,2020-04-22,105
Argentina,2020-09-05,439
Russia,2022-02-11,363
China,2020-08-11,194
Poland,2021-07-01,157
China,2020-11-24,260
Poland,2022-02-24,184
China,2021-09-25,376
China,2020-06-21,481
China,2022-01-17,472
China,2021-09-07,497
China,2022-02-06,220
Russia,2022-01-22,198
Brazil,2022-03-25,401
Poland,2021-12-11,160
Poland,2020-11-30,360
China,2021-08-06,154
China,2020-12-22,491
Mexico,2021-06-29,122
China,2021-12-14,450
China,2021-05-13,259
France,2022-01-11,390
China,2021-03-16,331
Poland,2021-10-04,247
Russia,2021-09-30,392
China,2021-01-05,151
France,2022-01-20,242
Thailand,2021-05-29,202
China,2021-02-20,274
China,2021-12-08,299
China,2020-04-22,178
China,2020-11-27,442
Egypt,2021-07-28,491
Thailand,2021-03-08,135
China,2020-09-01,296
China,2021-09-24,178
Thailand,2021-01-20,421
China,2020-09-08,421
Russia,2020-10-02,101
China,2021-11-30,108
China,2021-12-26,276
China,2020-10-31,163
China,2022-02-10,163
China,2021-12-25,492
Mexico,2022-01-06,418
Russia,2020-12-04,379
United States,2021-10-20,401
China,2021-10-06,400
China,2020-07-04,354
Mexico,2021-07-10,247
China,2022-03-01,156
China,2021-10-15,405
China,2020-08-24,468
China,2020-04-30,366
Mexico,2020-08-15,256
China,2021-02-16,478
Russia,2020-06-05,471
United States,2020-04-18,444
China,2021-02-17,157
Poland,2022-03-03,359
France,2020-05-11,263
Poland,2021-11-02,292
China,2021-03-15,308
China,2021-04-18,150
China,2022-02-01,145
China,2021-04-24,370
Poland,2021-07-11,500
China,2021-09-06,178
Argentina,2021-08-17,497
China,2020-07-19,413
Austria,2021-08-18,174
Germany,2021-02-24,318
France,2020-08-28,237
China,2022-01-20,306
United Kingdom,2021-04-08,203
Russia,2021-01-09,457
Brazil,2020-07-27,447
China,2022-01-31,256
Russia,2021-04-10,292
China,2022-02-04,326
South Africa,2020-08-19,423
China,2021-07-13,167
Mexico,2022-02-15,230
China,2021-04-21,148
China,2021-11-25,350
China,2020-10-26,300
Argentina,2021-02-20,497
Poland,2021-11-02,324
China,2022-03-14,212
Mexico,2022-03-28,135
China,2020-09-09,433
China,2020-11-29,140
United States,2021-09-30,403
Thailand,2021-11-25,151
China,2020-11-14,294
China,2021-11-28,179
China,2021-02-05,216
China,2020-09-29,298
China,2021-08-17,485
China,2021-07-12,376
Brazil,2020-10-01,104
China,2022-01-27,209
France,2020-12-03,217
France,2020-09-01,320
China,2021-07-16,342
China,2020-10-14,173
Poland,2021-12-24,327
Russia,2021-10-24,163
Brazil,2020-07-05,345
China,2020-12-24,400
China,2021-10-14,199
China,2020-08-09,398
Russia,2022-01-01,361
France,2022-03-25,124
China,2021-06-06,141
China,2021-08-01,187
Russia,2021-02-11,168
Poland,2020-08-20,452
South Africa,2020-11-22,159
Mexico,2022-01-07,390
Poland,2021-12-02,264
France,2020-10-16,266
China,2021-01-04,186
China,2021-11-26,172
France,2021-12-13,358
China,2020-12-04,143
China,2020-08-11,353
United States,2020-05-09,106
China,2020-06-23,408
Australia,2022-03-06,407
Brazil,2020-07-21,238
Russia,2020-12-22,395
China,2021-06-05,254
Russia,2020-06-01,221
China,2020-08-27,375
United States,2021-08-12,332
China,2021-01-13,467
Poland,2020-08-31,228
Russia,2022-03-14,199
China,2021-11-19,422
Russia,2020-06-15,207
China,2020-09-02,372
China,2020-05-29,158
Poland,2022-03-06,108
France,2021-04-27,348
France,2022-01-27,433
Thailand,2021-04-03,276
China,2020-04-13,323
Brazil,2021-05-22,168
Poland,2021-10-14,461
Argentina,2020-06-18,438
China,2022-01-21,381
China,2021-01-05,362
China,2022-01-21,413
China,2022-04-07,149
China,2021-05-24,310
China,2021-01-02,443
Brazil,2020-07-20,455
China,2020-09-29,418
China,2020-10-19,224
China,2021-06-30,386
Poland,2021-07-18,176
China,2021-04-23,181
China,2021-09-16,398
France,2021-01-02,156
China,2021-07-03,153
United States,2021-01-12,463
Argentina,2021-09-25,276
Brazil,2020-07-14,104
Poland,2021-06-27,128
Russia,2021-09-11,409
Germany,2022-03-23,295
China,2022-03-19,446
China,2021-10-21,368
France,2020-10-13,447
Egypt,2020-04-12,297
Russia,2020-04-14,121
China,2021-08-05,319
China,2021-04-07,108
China,2021-12-30,157
Brazil,2021-03-26,148
Thailand,2020-11-11,169
China,2022-02-07,213
France,2021-09-29,119
China,2021-04-03,428
France,2021-07-27,229
China,2020-09-22,240
Poland,2020-08-09,297
Russia,2021-07-10,395
Thailand,2021-03-15,208
United Kingdom,2021-02-20,255
China,2020-04-21,479
United States,2022-02-27,344
China,2020-04-21,109
Argentina,2020-05-14,396
China,2020-09-02,122
China,2021-05-22,114
Russia,2021-10-09,496
France,2021-11-22,302
China,2022-04-01,372
United States,2020-07-04,173
China,2021-06-23,128
China,2021-04-11,338
China,2022-02-11,347
Brazil,2020-07-08,404
Russia,2021-03-28,440
Russia,2020-12-21,292
United States,2021-11-08,216
China,2020-10-08,276
United States,2022-03-02,103
South Africa,2021-09-27,451
China,2020-05-07,299
China,2020-05-13,457
Germany,2021-04-08,326
Egypt,2021-02-14,245
Brazil,2020-07-11,388
United States,2021-03-05,296
China,2020-05-16,496
China,2020-07-04,384
France,2020-10-04,438
China,2020-12-30,256
China,2020-12-11,413
China,2021-10-24,226
China,2020-12-02,152
United States,2021-06-17,340
China,2020-06-19,443
France,2020-09-02,321
Poland,2020-08-21,409
Mexico,2021-08-23,327
United States,2021-11-05,290
Thailand,2021-02-23,105
China,2021-05-30,119
China,2021-07-11,161
China,2021-03-19,473
China,2020-04-25,421
China,2020-07-17,156
Russia,2021-12-30,176
Thailand,2021-09-01,184
China,2022-04-08,162
Russia,2020-12-15,473
France,2021-12-06,138
Brazil,2021-01-31,438
Argentina,2020-12-27,448
Brazil,2020-07-11,268
Canada,2021-07-18,295
United States,2020-10-09,200
China,2021-06-29,425
China,2021-08-31,257
China,2022-01-19,287
China,2021-04-28,139
China,2022-01-17,153
Russia,2021-12-02,411
Russia,2021-05-26,444
China,2020-08-19,348
United States,2021-01-24,168
Thailand,2020-11-07,489
Russia,2020-09-07,311
China,2020-09-08,476
China,2021-10-10,136
China,2020-08-10,273
China,2021-09-26,190
Russia,2020-07-01,282
Russia,2021-05-03,183
China,2020-06-16,393
Thailand,2020-12-26,406
China,2020-09-19,106
Russia,2022-01-07,152
Poland,2021-08-13,497
China,2020-10-16,500
United States,2021-09-06,193
China,2021-11-13,447
China,2021-07-11,220
France,2020-07-04,209
Russia,2020-12-13,317
Russia,2021-09-16,346
France,2020-08-18,375
China,2020-06-16,483
China,2022-01-20,306
Poland,2020-10-07,206
Russia,2020-04-11,121
Poland,2020-09-21,417
China,2021-03-16,436
China,2021-12-07,148
China,2021-03-29,420
Russia,2020-05-21,368
China,2022-02-04,232
Brazil,2021-09-13,384
Poland,2022-03-12,302
Russia,2021-10-23,191
China,2020-09-24,470
France,2020-12-16,255
France,2021-10-04,334
Russia,2022-02-10,131
Brazil,2020-10-03,130
Russia,2021-06-15,188
China,2020-08-18,392
China,2020-11-06,125
Mexico,2020-04-28,417
China,2020-05-06,189
China,2020-07-11,443
China,2021-10-25,188
China,2020-05-13,123
China,2021-07-20,255
China,2021-06-26,225
Brazil,2020-04-12,499
France,2021-12-14,149
China,2020-09-20,467
China,2021-11-17,184
China,2021-07-09,243
Poland,2021-05-19,327
China,2020-11-03,143
Russia,2021-03-01,400
China,2021-12-29,252
China,2020-12-05,252
France,2020-04-30,100
China,2020-12-27,435
China,2020-04-20,104
Canada,2021-09-18,417
China,2021-08-14,162
China,2020-04-22,494
Russia,2021-07-10,107
China,2020-11-03,229
China,2022-02-14,120
Russia,2021-09-02,238
France,2020-10-01,207
China,2020-04-19,445
China,2020-07-21,309
France,2020-08-24,451
China,2020-08-12,308
China,2020-08-12,432
Russia,2020-11-07,335
Russia,2020-05-13,197
Poland,2021-06-23,445
Brazil,2022-03-19,226
China,2020-06-28,159
Germany,2020-11-14,107
Thailand,2022-03-29,275
China,2022-01-10,417
Egypt,2021-06-05,112
Brazil,2020-06-05,424
Canada,2020-08-24,490
Russia,2020-08-18,479
Poland,2020-09-30,333
France,2022-01-11,281
France,2021-09-27,343
Russia,2021-07-15,166
China,2020-09-11,361
Thailand,2021-05-05,311
China,2020-04-15,150
Brazil,2022-01-10,152
China,2021-08-14,264
China,2022-02-25,212
Poland,2021-02-06,148
Russia,2021-01-26,461
Russia,2021-10-11,151
China,2021-10-13,440
France,2021-05-18,239
Brazil,2022-03-20,185
South Africa,2021-03-14,251
Russia,2022-01-03,343
China,2022-03-31,423
Mexico,2021-03-08,242
China,2020-09-10,192
China,2021-06-19,346
Russia,2022-01-19,176
China,2021-05-01,417
China,2020-09-10,374
Russia,2022-02-17,458
China,2020-10-31,286
China,2021-06-08,450
Poland,2020-11-09,400
Brazil,2021-02-22,482
Brazil,2021-11-27,231
Russia,2020-09-09,489
China,2021-11-16,363
China,2020-05-15,348
China,2021-08-12,301
South Africa,2020-11-23,293
China,2020-05-03,295
China,2020-05-23,269
Poland,2021-06-07,234
China,2021-07-03,256
United States,2021-07-04,390
China,2021-08-15,368
Poland,2020-08-17,365
Russia,2022-01-15,438
Brazil,2021-01-14,363
Brazil,2020-07-19,411
South Africa,2022-01-10,344
Russia,2022-04-07,218
France,2022-02-01,328
France,2022-01-11,171
China,2021-03-12,138
China,2021-04-10,301
New Zealand,2021-08-16,119
Argentina,2021-08-28,395
China,2021-03-02,169
China,2021-07-11,351
Poland,2021-08-06,310
Russia,2020-07-27,468
China,2020-09-30,481
Russia,2022-02-07,162
China,2020-09-03,446
Brazil,2020-11-11,136
Russia,2021-12-30,116
China,2022-01-09,251
China,2021-12-28,367
Egypt,2020-04-09,208
Russia,2021-11-06,409
United States,2021-12-22,274
China,2020-08-21,103
Russia,2021-10-15,325
United States,2020-11-08,219
China,2022-03-14,417
Mexico,2021-11-22,480
Brazil,2020-11-22,243
France,2021-12-18,499
France,2021-05-28,105
Argentina,2020-12-11,139
China,2020-04-26,135
China,2020-05-30,305
China,2021-12-23,159
China,2020-11-06,360
Russia,2020-04-14,167
China,2020-05-17,282
Argentina,2022-09-27,256
Poland,2022-08-05,403
China,2022-03-17,449
Canada,2022-12-12,358
China,2022-08-06,369
Poland,2020-01-01,375
China,2021-12-21,155
France,2022-03-28,380
China,2020-01-17,116
China,2021-04-20,272
China,2022-02-06,152
Mexico,2020-08-12,333
Russia,2022-12-15,171
Brazil,2020-01-02,424
China,2021-02-27,483
Russia,2022-02-09,308
China,2022-02-02,292
China,2021-01-25,462
United States,2022-01-11,276
France,2021-02-15,318
Russia,2020-06-28,452
United States,2021-10-30,333
France,2021-11-23,103
Brazil,2020-02-05,309
France,2022-11-02,454
Russia,2022-09-03,337
Russia,2020-03-16,449
Canada,2021-10-28,180
China,2021-05-03,314
China,2021-08-02,475
United States,2022-05-01,198
Poland,2021-10-30,497
China,2020-08-11,383
China,2020-04-10,482
Italy,2020-07-30,202
Russia,2022-12-22,164
China,2021-07-05,413
Switzerland,2021-10-31,196
China,2021-10-19,323
Russia,2023-01-26,267
China,2022-12-17,263
Brazil,2022-01-17,425
United States,2022-08-05,481
China,2022-09-18,224
China,2020-01-10,490
Poland,2021-06-15,335
China,2022-01-03,344
France,2021-11-21,368
China,2022-11-29,490
France,2020-12-05,140
France,2020-10-14,288
China,2022-03-18,358
China,2021-06-15,271
Poland,2021-04-16,207
Poland,2021-03-15,472
China,2021-07-15,304
Russia,2022-03-27,479
Poland,2022-12-15,448
China,2020-03-05,360
China,2021-12-02,127
China,2020-08-31,215
China,2022-10-23,197
China,2021-08-09,201
Canada,2021-07-15,454
China,2020-02-07,405
Argentina,2020-05-31,460
China,2020-07-07,309
Brazil,2022-08-21,221
China,2021-12-17,312
Argentina,2021-10-31,338
China,2020-06-10,476
China,2022-01-30,235
United States,2020-01-23,371
Mexico,2022-05-15,291
China,2020-06-11,217
Russia,2021-06-05,374
Thailand,2020-10-20,483
China,2020-04-02,169
China,2021-02-14,326
Poland,2021-07-04,122
Thailand,2021-06-05,181
China,2020-08-06,220
Germany,2021-12-26,142
Russia,2021-08-20,201
China,2021-06-07,280
Brazil,2021-06-30,204
Russia,2020-05-29,397
China,2022-03-11,434
Argentina,2020-12-24,114
China,2020-07-17,195
United Kingdom,2020-04-23,109
China,2021-05-31,151
China,2021-04-18,221
Brazil,2020-12-20,497
China,2020-06-22,219
China,2022-08-22,324
France,2021-06-29,467
China,2022-09-20,273
Russia,2021-05-22,154
China,2020-01-26,349
Russia,2022-07-20,309
China,2021-02-21,471
Russia,2020-01-09,361
Argentina,2022-01-20,109
Brazil,2020-10-22,355
China,2020-07-03,433
Argentina,2021-09-05,298
Russia,2021-01-16,123
France,2022-08-26,441
Mexico,2022-07-09,431
United States,2021-05-12,471
China,2020-03-24,236
China,2021-12-26,421
Russia,2021-09-09,186
China,2022-01-31,279
Mexico,2020-08-08,320
China,2022-10-12,121
China,2022-12-25,471
Argentina,2021-08-15,401
China,2021-11-14,306
China,2021-05-09,115
China,2021-05-30,146
Poland,2022-10-26,250
China,2020-04-19,433
Russia,2021-02-25,297
Thailand,2020-02-03,321
Thailand,2020-12-15,412
China,2021-09-22,185
Poland,2020-03-03,308
South Africa,2022-08-25,419
China,2020-08-29,478
Russia,2021-12-13,401
Brazil,2022-08-25,119
France,2022-04-21,320
China,2020-12-03,297
China,2021-12-02,278
Brazil,2021-05-21,193
China,2021-12-12,102
China,2022-12-26,284
China,2020-01-25,195
Canada,2021-09-15,275
Brazil,2021-01-03,442
Mexico,2022-11-20,421
China,2021-06-10,231
France,2020-03-25,495
Australia,2022-01-14,375
France,2020-04-05,315
Thailand,2022-02-01,274
Brazil,2020-04-13,282
China,2020-05-17,430
China,2020-05-17,467
China,2020-12-15,133
Poland,2020-01-26,293
Poland,2020-04-06,277
China,2022-03-07,359
Russia,2022-07-25,193
China,2021-12-05,493
China,2022-09-01,397
Brazil,2023-01-14,400
Russia,2020-02-12,354
China,2020-10-10,112
Russia,2020-06-13,464
China,2021-07-05,125
Brazil,2022-05-06,229
China,2022-09-06,201
China,2021-03-12,166
China,2022-11-07,151
Thailand,2022-03-17,333
China,2022-01-05,441
Poland,2020-06-29,168
Russia,2020-12-11,398
Poland,2022-01-28,286
Russia,2022-09-05,304
Poland,2020-07-24,302
Brazil,2021-10-02,339
China,2021-09-26,227
China,2021-06-19,135
Poland,2020-01-08,246
China,2022-07-20,128
France,2021-06-12,324
Thailand,2021-09-15,366
Poland,2021-09-09,329
United States,2022-02-10,117
France,2022-07-23,222
China,2021-11-29,345
China,2021-10-30,330
France,2021-04-26,426
Russia,2022-11-02,339
China,2022-02-10,361
China,2021-06-08,481
Canada,2022-05-16,170
Mexico,2020-07-28,365
China,2022-07-22,153
France,2022-08-28,396
United States,2021-06-18,230
Poland,2020-08-23,339
China,2020-04-05,356
Germany,2022-09-10,286
China,2021-09-27,469
China,2021-07-14,355
Russia,2021-03-03,499
China,2023-01-07,351
China,2022-07-01,343
France,2021-02-08,207
China,2020-01-31,412
China,2020-09-17,348
France,2021-08-25,220
Russia,2021-01-04,235
Russia,2020-07-17,270
France,2020-09-17,233
Brazil,2020-09-03,422
France,2020-06-13,325
China,2022-01-25,351
China,2020-07-20,478
Thailand,2022-10-04,230
Poland,2022-01-28,254
United States,2021-10-30,208
China,2020-09-11,315
China,2022-01-17,259
Russia,2020-01-17,254
Russia,2020-03-20,484
China,2020-09-01,404
France,2022-02-05,136
China,2021-04-26,275
China,2022-01-07,101
China,2022-03-16,426
China,2021-09-25,126
China,2022-05-12,147
United States,2022-11-06,439
Brazil,2020-07-11,196
China,2021-08-26,230
Brazil,2022-12-03,246
Poland,2022-02-13,251
China,2020-07-26,387
China,2020-08-21,147
China,2022-01-08,153
South Africa,2020-07-10,374
United States,2021-05-27,180
Argentina,2021-04-03,243
Argentina,2020-02-07,332
China,2022-04-18,432
China,2021-10-24,368
Russia,2021-10-09,374
Thailand,2020-12-31,430
China,2021-06-07,332
China,2020-08-09,420
China,2020-12-23,294
Canada,2021-01-15,211
United States,2020-01-26,383
China,2022-08-03,184
China,2021-07-03,206
China,2022-05-22,202
China,2021-10-11,428
Russia,2020-02-29,187
China,2023-01-13,402
China,2021-03-12,274
China,2022-11-09,376
Russia,2022-06-12,390
China,2021-03-13,379
China,2020-07-22,447
Brazil,2020-03-21,223
Russia,2021-09-15,121
China,2022-04-06,371
Poland,2020-02-16,370
France,2021-01-18,461
Russia,2020-10-21,194
China,2021-12-26,383
Russia,2022-12-07,136
China,2022-03-26,263
Mexico,2020-09-18,432
Brazil,2020-12-17,347
Russia,2020-09-13,311
Argentina,2020-10-03,178
France,2021-03-22,230
Argentina,2022-11-27,336
South Africa,2021-09-14,105
Russia,2020-08-03,126
China,2021-12-06,326
Russia,2021-09-07,330
Russia,2021-01-22,352
China,2020-08-05,190
Brazil,2021-10-07,202
Thailand,2020-09-14,194
United States,2021-08-16,161
Argentina,2020-09-02,267
Mexico,2020-10-28,291
South Africa,2022-07-02,144
Brazil,2020-02-14,248
China,2022-11-12,479
Russia,2022-05-12,101
China,2021-07-03,271
China,2021-04-24,306
China,2022-09-20,438
China,2021-02-17,316
China,2020-04-17,416
China,2020-04-11,441
Russia,2021-11-02,214
Brazil,2022-08-06,499
China,2021-09-09,352
Mexico,2020-03-12,258
China,2020-10-12,418
Russia,2022-02-16,472
China,2020-02-17,187
Russia,2021-09-12,411
Brazil,2022-08-19,444
China,2022-08-28,184
Poland,2022-05-05,222
Russia,2020-06-23,422
China,2020-11-07,138
Canada,2021-10-11,396
Poland,2021-08-01,308
China,2021-08-12,408
China,2023-01-26,329
Poland,2023-01-11,238
China,2020-05-21,301
China,2022-05-06,287
China,2021-05-15,145
France,2020-04-13,265
China,2022-10-11,259
China,2020-03-02,349
Mexico,2020-06-03,274
China,2020-09-14,121
Argentina,2020-12-03,407
China,2020-11-01,354
Russia,2021-03-19,213
Thailand,2022-01-16,273
China,2020-09-08,423
Brazil,2022-03-02,212
Thailand,2022-05-21,205
Poland,2022-10-28,286
China,2021-10-09,474
Switzerland,2022-05-25,180
France,2020-05-07,463
China,2022-08-06,422
France,2021-02-18,290
United States,2020-04-06,114
France,2020-06-23,371
United States,2022-11-21,213
China,2021-09-14,248
Canada,2021-08-25,368
Poland,2021-07-20,374
Brazil,2020-06-28,360
Thailand,2020-05-07,460
Argentina,2021-10-27,484
Thailand,2021-10-09,473
China,2022-02-10,405
Poland,2020-11-29,415
China,2020-01-09,420
Russia,2020-06-04,171
Poland,2021-12-31,439
Russia,2021-06-25,140
Russia,2021-12-15,316
China,2020-09-19,435
China,2020-02-26,341
Russia,2022-10-19,356
China,2022-10-29,344
Russia,2021-07-17,354
Brazil,2022-11-23,234
United States,2022-05-14,493
Brazil,2022-08-13,132
Russia,2022-05-17,365
China,2021-11-21,491
China,2021-09-30,290
Mexico,2022-09-20,293
Brazil,2020-10-16,419
China,2022-08-03,350
France,2020-06-24,479
Russia,2021-01-20,134
China,2021-11-27,219
Brazil,2020-01-31,227
China,2020-07-13,225
Russia,2021-09-21,404
Spain,2021-11-15,330
Spain,2021-04-03,148
China,2021-05-04,485
Russia,2022-08-07,315
Poland,2020-08-16,241
China,2022-01-22,107
Argentina,2022-07-17,492
China,2020-06-02,500
United States,2020-05-13,494
China,2020-07-03,201
France,2022-04-14,351
China,2023-01-22,301
Russia,2022-11-10,231
Argentina,2021-06-29,334
Argentina,2022-12-20,393
Russia,2022-11-19,105
China,2020-08-07,371
China,2020-06-14,317
China,2021-01-06,383
China,2022-12-27,380
Russia,2021-11-27,450
China,2020-06-14,414
China,2022-03-18,127
United States,2021-06-26,375
China,2022-07-30,154
Russia,2022-01-22,166
France,2022-08-14,111
Poland,2022-01-31,244
France,2022-07-23,281
Poland,2022-12-09,109
China,2021-07-04,246
China,2021-09-13,177
China,2020-04-30,111
China,2020-02-01,123
Russia,2020-06-16,406
China,2021-10-12,274
Brazil,2022-10-05,129
China,2021-04-21,216
Argentina,2020-09-13,117
China,2022-07-09,289
Brazil,2022-11-12,461
Russia,2020-10-02,451
China,2022-09-01,397
Russia,2022-12-01,316
China,2021-07-25,275
Brazil,2021-06-15,199
Russia,2023-01-02,475
Poland,2020-10-23,373
China,2020-07-05,394
South Africa,2022-09-04,269
China,2021-08-30,356
Brazil,2022-11-27,441
France,2021-07-02,169
China,2022-09-06,446
Poland,2022-11-26,441
China,2020-10-31,155
Poland,2020-10-15,354
France,2021-11-24,216
China,2021-06-24,347
Mexico,2022-11-08,475
China,2021-08-11,356
Russia,2022-04-28,300
China,2020-02-06,133
China,2020-11-17,187
United States,2022-10-09,144
China,2021-10-24,352
China,2020-02-11,195
China,2021-05-19,121
Poland,2020-09-22,162
China,2020-02-16,407
China,2022-02-09,198
France,2022-02-18,178
China,2021-04-14,176
China,2020-10-24,480
Russia,2021-10-07,202
China,2022-09-21,132
France,2021-07-31,284
China,2021-11-16,150
China,2021-03-13,431
China,2022-02-24,112
China,2020-04-12,475
Russia,2022-09-04,328
China,2021-07-24,229
Mexico,2020-11-12,417
Poland,2022-03-22,380
China,2022-05-18,248
China,2022-10-09,249
China,2021-03-21,283
United States,2021-05-11,309
United States,2020-12-12,152
Russia,2022-02-05,177
Argentina,2020-04-08,488
Poland,2020-01-06,462
Poland,2021-03-05,210
Mexico,2020-12-11,461
China,2021-05-30,250
China,2020-03-22,414
China,2020-07-15,473
Russia,2022-06-30,439
China,2022-09-07,356
Brazil,2020-05-24,230
Mexico,2021-02-21,323
Brazil,2021-02-25,354
Thailand,2022-02-27,179
Russia,2021-12-27,324
China,2020-11-13,205
Russia,2021-05-13,436
United States,2020-01-03,392
China,2022-02-23,355
Brazil,2021-10-09,136
China,2022-09-30,272
China,2022-07-13,206
China,2022-11-26,326
China,2022-06-01,412
Brazil,2020-10-21,445
France,2020-07-12,269
France,2023-01-21,181
China,2022-05-10,115
China,2020-05-24,382
China,2021-11-14,182
China,2021-07-21,447
Russia,2020-08-16,103
Mexico,2022-05-20,425
China,2020-05-03,245
China,2022-12-31,474
Italy,2021-05-23,143
China,2021-02-06,477